{
    "name": "root",
    "metadata": {
        "timer_format_version": "0.1.0",
        "start_time_seconds": "1742480951",
        "python_version": "3.9.10 (tags/v3.9.10:f2f3f53, Jan 17 2022, 15:14:21) [MSC v.1929 64 bit (AMD64)]",
        "command_line_arguments": "E:\\UnityProjects\\WLL_NGO\\venv\\Scripts\\mlagents-learn --force",
        "mlagents_version": "0.29.0",
        "mlagents_envs_version": "0.29.0",
        "communication_protocol_version": "1.5.0",
        "pytorch_version": "1.7.1+cpu",
        "numpy_version": "1.21.2",
        "end_time_seconds": "1742481270"
    },
    "total": 319.1453164,
    "count": 1,
    "self": 0.0035996999999952095,
    "children": {
        "run_training.setup": {
            "total": 0.017398499999999983,
            "count": 1,
            "self": 0.017398499999999983
        },
        "TrainerController.start_learning": {
            "total": 319.1243182,
            "count": 1,
            "self": 0.600115500003028,
            "children": {
                "TrainerController._reset_env": {
                    "total": 5.0758285999999995,
                    "count": 1,
                    "self": 5.0758285999999995
                },
                "TrainerController.advance": {
                    "total": 313.382563199997,
                    "count": 42251,
                    "self": 0.5742169999957696,
                    "children": {
                        "env_step": {
                            "total": 303.21900100000386,
                            "count": 42251,
                            "self": 265.16951709999864,
                            "children": {
                                "SubprocessEnvManager._take_step": {
                                    "total": 37.672573100005906,
                                    "count": 42251,
                                    "self": 1.4405113000050207,
                                    "children": {
                                        "TorchPolicy.evaluate": {
                                            "total": 36.232061800000885,
                                            "count": 41047,
                                            "self": 8.396620799997237,
                                            "children": {
                                                "TorchPolicy.sample_actions": {
                                                    "total": 27.835441000003648,
                                                    "count": 41047,
                                                    "self": 27.835441000003648
                                                }
                                            }
                                        }
                                    }
                                },
                                "workers": {
                                    "total": 0.3769107999993322,
                                    "count": 42250,
                                    "self": 0.0,
                                    "children": {
                                        "worker_root": {
                                            "total": 284.59878470000103,
                                            "count": 42250,
                                            "is_parallel": true,
                                            "self": 71.51823379999786,
                                            "children": {
                                                "steps_from_proto": {
                                                    "total": 0.00031580000000008823,
                                                    "count": 1,
                                                    "is_parallel": true,
                                                    "self": 0.00017800000000001148,
                                                    "children": {
                                                        "_process_rank_one_or_two_observation": {
                                                            "total": 0.00013780000000007675,
                                                            "count": 2,
                                                            "is_parallel": true,
                                                            "self": 0.00013780000000007675
                                                        }
                                                    }
                                                },
                                                "UnityEnvironment.step": {
                                                    "total": 213.08023510000316,
                                                    "count": 42250,
                                                    "is_parallel": true,
                                                    "self": 2.0767839000143056,
                                                    "children": {
                                                        "UnityEnvironment._generate_step_input": {
                                                            "total": 1.5962966999981356,
                                                            "count": 42250,
                                                            "is_parallel": true,
                                                            "self": 1.5962966999981356
                                                        },
                                                        "communicator.exchange": {
                                                            "total": 201.83671459999488,
                                                            "count": 42250,
                                                            "is_parallel": true,
                                                            "self": 201.83671459999488
                                                        },
                                                        "steps_from_proto": {
                                                            "total": 7.57043989999585,
                                                            "count": 42250,
                                                            "is_parallel": true,
                                                            "self": 5.058360699994581,
                                                            "children": {
                                                                "_process_rank_one_or_two_observation": {
                                                                    "total": 2.512079200001269,
                                                                    "count": 84500,
                                                                    "is_parallel": true,
                                                                    "self": 2.512079200001269
                                                                }
                                                            }
                                                        }
                                                    }
                                                }
                                            }
                                        }
                                    }
                                }
                            }
                        },
                        "trainer_advance": {
                            "total": 9.589345199997329,
                            "count": 42250,
                            "self": 0.6357473999980314,
                            "children": {
                                "process_trajectory": {
                                    "total": 2.8904075999993317,
                                    "count": 42250,
                                    "self": 2.8904075999993317
                                },
                                "_update_policy": {
                                    "total": 6.063190199999966,